Workbook

Sheet Data
D1: 4 | E1: 3 | F1: 2 | G1: 1
A2: Field | B2: Row number | C2: Mnemonic | D2: FY 2020 | E2: FY 2019 | F2: FY 2018 | G2: FY 2017
A3: For the period ending | D3: 44196 | E3: 43830 | F3: 43465 | G3: 43100
D4: original | E4: restated | F4: restated | G4: restated
A5: Revenue | B5: 1 | C5: SALES_REV_TURN | D5: 101028.92 | E5: 98816.958 | F5: 95826.916 | G5: 80229.692
A6: Product/Brand Segments | B6: 2 | C6: SALES_REV_TURN | D6: 101028.92 | E6: 98816.96 | F6: 95826.92 | G6: 80229.69
A7: Automobiles | B7: 3 | D7: 74764.16 | E7: 73936.55 | F7: 71965.22 | G7: 58664.24
A8: Financial Services | B8: 4 | D8: 24276.27 | E8: 22977.31 | F8: 21873.34 | G8: 19851.47
A9: Motorcycles | B9: 5 | D9: 1985.83 | E9: 1900.52 | F9: 1986.97 | G9: 1712.66
A10: Other Entities | B10: 6 | D10: 2.66 | E10: 2.57 | F10: 1.39
A11: Reconciliations | B11: 7 | F11: 0 | G11: 1.33
A12: Geographic Segments | B12: 8 | C12: SALES_REV_TURN | D12: 101028.92 | E12: 98816.96 | F12: 95826.92 | G12: 80229.69
A13: Rest of Europe | B13: 9 | D13: 29956.14 | E13: 29537.85 | F13: 29179.3 | G13: 24649.83
A14: Americas | B14: 10 | D14: 20979.39 | E14: 20922.48 | F14: 19893.33 | G14: 18795.48
A15: United States of America | B15: 11 | D15: 16857.64 | E15: 17291.17 | F15: 16034.97 | G15: 15439.14
A16: Rest of America | B16: 12 | D16: 4121.76 | E16: 3631.31 | F16: 3858.36 | G16: 3356.34
A17: China | B17: 13 | D17: 20386.97 | E17: 18578.33 | F17: 16139.4 | G17: 11201.94
A18: Germany | B18: 14 | D18: 15668.79 | E18: 15669.68 | F18: 17904.98 | G18: 14867.37
A19: Other Markets | B19: 15 | D19: 14037.62 | E19: 14108.63 | F19: 12709.9 | G19: 10715.07
A20: Eliminations | B20: 16 | D20: 0 | E20: 0 | F20: 0
A21: United Kingdom | B21: 17
A22: Africa, Asia, Oceania | B22: 18

Sheet 1.
A1: Field | B1: Row number
A2: Financial Services
A3: Motorcycles
A4: Germany
A5: Other Markets

Sheet 2.
A1: Row number | B1: Field
A2: 2
A3: 4
A4: 9
A5: 11

Sheet 3.
A1: Row number | B1: FY 2020
A2: 8 | B2: =INDEX(Data!$D:$D,MATCH('3.'!A2,Data!$A:$A,0)) -> #N/A
A3: 9
A4: 11
A5: 13

Sheet 4.
A1: Key Revenue Items ($bn) | D1: FY 2017 | E1: FY 2018 | F1: FY 2019 | G1: FY 2020
A2: Automobiles
A3: Financial Services
A4: Motorcycles
A5: Total Revenues

Sheet 5.
A1: Key Revenue Items ($bn) | D1: FY 2017 | E1: FY 2018 | F1: FY 2019 | G1: FY 2020
A2: Automobiles | D2: =VLOOKUP($A2,Data!$A$2:$G$22,7,FALSE) -> 58664.24 | E2: =VLOOKUP($A2,Data!$A$2:$G$22,6,FALSE) -> 71965.22 | F2: =VLOOKUP($A2,Data!$A$2:$G$22,5,FALSE) -> 73936.55 | G2: =VLOOKUP($A2,Data!$A$2:$G$22,4,FALSE) -> 74764.16
A3: Financial Services | D3: =VLOOKUP($A3,Data!$A$2:$G$22,7,FALSE) -> 19851.47 | E3: =VLOOKUP($A3,Data!$A$2:$G$22,6,FALSE) -> 21873.34 | F3: =VLOOKUP($A3,Data!$A$2:$G$22,5,FALSE) -> 22977.31 | G3: =VLOOKUP($A3,Data!$A$2:$G$22,4,FALSE) -> 24276.27
A4: Motorcycles | D4: =VLOOKUP($A4,Data!$A$2:$G$22,7,FALSE) -> 1712.66 | E4: =VLOOKUP($A4,Data!$A$2:$G$22,6,FALSE) -> 1986.97 | F4: =VLOOKUP($A4,Data!$A$2:$G$22,5,FALSE) -> 1900.52 | G4: =VLOOKUP($A4,Data!$A$2:$G$22,4,FALSE) -> 1985.83
A5: Total Revenues | D5: =SUM(D2:D4) -> 80228.37 | E5: =SUM(E2:E4) -> 95825.53 | F5: =SUM(F2:F4) -> 98814.38 | G5: =SUM(G2:G4) -> 101026.26

Sheet 6.
A1: Key Revenue Items ($bn) | D1: FY 2017 | E1: FY 2018 | F1: FY 2019 | G1: FY 2020
A2: Automobiles | D2: =VLOOKUP($A2,Data!$A$2:$G$22,7,FALSE) -> 58664.24 | E2: =VLOOKUP($A2,Data!$A$2:$G$22,7,FALSE) -> 58664.24 | F2: =VLOOKUP($A2,Data!$A$2:$G$22,7,FALSE) -> 58664.24 | G2: =VLOOKUP($A2,Data!$A$2:$G$22,7,FALSE) -> 58664.24
A3: Financial Services | D3: =VLOOKUP($A3,Data!$A$2:$G$22,7,FALSE) -> 19851.47 | E3: =VLOOKUP($A3,Data!$A$2:$G$22,7,FALSE) -> 19851.47 | F3: =VLOOKUP($A3,Data!$A$2:$G$22,7,FALSE) -> 19851.47 | G3: =VLOOKUP($A3,Data!$A$2:$G$22,7,FALSE) -> 19851.47
A4: Motorcycles | D4: =VLOOKUP($A4,Data!$A$2:$G$22,7,FALSE) -> 1712.66 | E4: =VLOOKUP($A4,Data!$A$2:$G$22,7,FALSE) -> 1712.66 | F4: =VLOOKUP($A4,Data!$A$2:$G$22,7,FALSE) -> 1712.66 | G4: =VLOOKUP($A4,Data!$A$2:$G$22,7,FALSE) -> 1712.66
A5: Total Revenues | D5: =SUM(D2:D4) -> 80228.37 | E5: =SUM(E2:E4) -> 80228.37 | F5: =SUM(F2:F4) -> 80228.37 | G5: =SUM(G2:G4) -> 80228.37
